Combination ID,Model combination,Number of studies,Number of models,Models tuple
C1,MLP,6,1,"('MLP',)"
C2,Transformer,6,1,"('Transformer',)"
C3,AE,2,1,"('AE',)"
C4,GRU,2,1,"('GRU',)"
C5,LSTM,2,1,"('LSTM',)"
C6,LSTM + Attention,2,2,"('LSTM', 'Attention')"
C7,Attention + Transformer,1,2,"('Attention', 'Transformer')"
C8,CNN + AE,1,2,"('CNN', 'AE')"
C9,CNN + GRU,1,2,"('CNN', 'GRU')"
C10,CNN + LSTM,1,2,"('CNN', 'LSTM')"
C11,GRU + AE,1,2,"('GRU', 'AE')"
C12,LSTM + GRU,1,2,"('LSTM', 'GRU')"
C13,LSTM + MLP,1,2,"('LSTM', 'MLP')"
C14,CNN + LSTM + MLP,1,3,"('CNN', 'LSTM', 'MLP')"
C15,CNN + LSTM + Transformer,1,3,"('CNN', 'LSTM', 'Transformer')"
C16,LSTM + GRU + Attention,1,3,"('LSTM', 'GRU', 'Attention')"
C17,LSTM + GRU + Transformer,1,3,"('LSTM', 'GRU', 'Transformer')"
C18,RNN + LSTM + GRU,1,3,"('RNN', 'LSTM', 'GRU')"
C19,RNN + LSTM + Transformer,1,3,"('RNN', 'LSTM', 'Transformer')"
C20,CNN + LSTM + Attention + Transformer + MLP,1,5,"('CNN', 'LSTM', 'Attention', 'Transformer', 'MLP')"
C21,CNN + LSTM + GRU + Attention + Transformer,1,5,"('CNN', 'LSTM', 'GRU', 'Attention', 'Transformer')"
